{"stats":{"minecraft:custom":{"minecraft:jump":84,"minecraft:time_since_rest":3414,"minecraft:damage_dealt":75,"minecraft:crouch_one_cm":186,"minecraft:walk_on_water_one_cm":5817,"minecraft:sprint_one_cm":17681,"minecraft:play_time":3414,"minecraft:damage_taken":110,"minecraft:time_since_death":3414,"minecraft:walk_one_cm":5721,"minecraft:sneak_time":167,"minecraft:total_world_time":3414,"minecraft:walk_under_water_one_cm":1891,"minecraft:swim_one_cm":1222,"minecraft:fall_one_cm":1800,"minecraft:fly_one_cm":13723}},"DataVersion":3955}