{"stats":{"minecraft:picked_up":{"minecraft:dirt":1},"minecraft:used":{"minecraft:dirt":1,"minecraft:enchanted_golden_apple":1},"minecraft:custom":{"minecraft:jump":149,"minecraft:time_since_rest":33381,"minecraft:damage_dealt":75,"minecraft:damage_taken":120,"minecraft:crouch_one_cm":186,"minecraft:leave_game":1,"minecraft:play_time":33381,"minecraft:sprint_one_cm":19802,"minecraft:time_since_death":33381,"minecraft:walk_on_water_one_cm":7783,"minecraft:walk_one_cm":11473,"minecraft:sneak_time":748,"minecraft:total_world_time":33381,"minecraft:walk_under_water_one_cm":3129,"minecraft:swim_one_cm":1222,"minecraft:fall_one_cm":2135,"minecraft:fly_one_cm":381581}},"DataVersion":3955}