{"stats":{"minecraft:picked_up":{"minecraft:dirt":1},"minecraft:used":{"minecraft:dirt":1},"minecraft:custom":{"minecraft:jump":123,"minecraft:time_since_rest":15414,"minecraft:damage_dealt":75,"minecraft:crouch_one_cm":186,"minecraft:walk_on_water_one_cm":7783,"minecraft:sprint_one_cm":19802,"minecraft:play_time":15414,"minecraft:damage_taken":110,"minecraft:time_since_death":15414,"minecraft:walk_one_cm":6708,"minecraft:sneak_time":167,"minecraft:total_world_time":15414,"minecraft:walk_under_water_one_cm":3129,"minecraft:swim_one_cm":1222,"minecraft:fall_one_cm":1800,"minecraft:fly_one_cm":16836}},"DataVersion":3955}