{
  "minecraft:recipes/decorations/crafting_table": {
    "criteria": {
      "unlock_right_away": "2024-08-20 20:30:36 +0000"
    },
    "done": true
  },
  "minecraft:adventure/adventuring_time": {
    "criteria": {
      "minecraft:savanna_plateau": "2024-08-20 20:30:55 +0000",
      "minecraft:dark_forest": "2024-08-20 20:51:28 +0000",
      "minecraft:stony_peaks": "2024-08-20 20:31:04 +0000",
      "minecraft:forest": "2024-08-20 20:32:43 +0000",
      "minecraft:sparse_jungle": "2024-08-20 20:49:20 +0000",
      "minecraft:river": "2024-08-20 20:50:47 +0000",
      "minecraft:lukewarm_ocean": "2024-08-20 20:32:40 +0000",
      "minecraft:stony_shore": "2024-08-20 20:50:56 +0000",
      "minecraft:frozen_peaks": "2024-08-20 20:55:32 +0000",
      "minecraft:old_growth_birch_forest": "2024-08-20 20:51:47 +0000",
      "minecraft:ocean": "2024-08-20 20:51:08 +0000",
      "minecraft:jungle": "2024-08-20 20:49:16 +0000",
      "minecraft:grove": "2024-08-20 20:51:42 +0000",
      "minecraft:meadow": "2024-08-20 20:49:05 +0000",
      "minecraft:birch_forest": "2024-08-20 20:49:14 +0000",
      "minecraft:savanna": "2024-08-20 20:30:37 +0000",
      "minecraft:plains": "2024-08-20 20:48:35 +0000",
      "minecraft:jagged_peaks": "2024-08-20 20:51:34 +0000"
    },
    "done": false
  },
  "minecraft:recipes/transportation/mangrove_boat": {
    "criteria": {
      "in_water": "2024-08-20 20:32:39 +0000"
    },
    "done": true
  },
  "minecraft:recipes/transportation/acacia_boat": {
    "criteria": {
      "in_water": "2024-08-20 20:32:39 +0000"
    },
    "done": true
  },
  "minecraft:recipes/transportation/cherry_boat": {
    "criteria": {
      "in_water": "2024-08-20 20:32:39 +0000"
    },
    "done": true
  },
  "minecraft:recipes/transportation/bamboo_raft": {
    "criteria": {
      "in_water": "2024-08-20 20:32:39 +0000"
    },
    "done": true
  },
  "minecraft:recipes/transportation/spruce_boat": {
    "criteria": {
      "in_water": "2024-08-20 20:32:39 +0000"
    },
    "done": true
  },
  "minecraft:recipes/transportation/birch_boat": {
    "criteria": {
      "in_water": "2024-08-20 20:32:39 +0000"
    },
    "done": true
  },
  "minecraft:recipes/transportation/oak_boat": {
    "criteria": {
      "in_water": "2024-08-20 20:32:39 +0000"
    },
    "done": true
  },
  "minecraft:recipes/transportation/jungle_boat": {
    "criteria": {
      "in_water": "2024-08-20 20:32:39 +0000"
    },
    "done": true
  },
  "minecraft:recipes/transportation/dark_oak_boat": {
    "criteria": {
      "in_water": "2024-08-20 20:32:39 +0000"
    },
    "done": true
  },
  "minecraft:recipes/misc/mojang_banner_pattern": {
    "criteria": {
      "has_enchanted_golden_apple": "2024-08-20 20:48:25 +0000"
    },
    "done": true
  },
  "minecraft:husbandry/balanced_diet": {
    "criteria": {
      "enchanted_golden_apple": "2024-08-20 20:48:28 +0000"
    },
    "done": false
  },
  "minecraft:husbandry/root": {
    "criteria": {
      "consumed_item": "2024-08-20 20:48:28 +0000"
    },
    "done": true
  },
  "DataVersion": 3955
}